DzialkaId;Numer;Kwakt;Kwzrob;Pow;lokalizacja;uzbrojenie;ksztalt;sasiedztwo;dostDoDrogi;rodzNaw;UliceSloId;NadzorKonserwSloId;ObrebId
3;3 test 1;kw1;NULL;NULL;4444;NULL;NULL;NULL;NULL;NULL;NULL;NULL;3
4;4 test;kw4;kw5;NULL;1	qw	qw;NULL;NULL;asdasdasd;NULL;NULL;NULL;NULL;4
5;5 test ;qweqwe;NULL;NULL;5cadasd;zxcadc;NULL;asdasdasd;NULL;NULL;NULL;NULL;5
7;6 test;NULL;NULL;NULL;7;NULL;NULL;NULL;NULL;NULL;NULL;NULL;6
8;7 test;NULL;NULL;NULL;777;NULL;NULL;NULL;NULL;NULL;1288;NULL;7
9;8  test;NULL;NULL;NULL;NULL;NULL;NULL;NULL;NULL;NULL;NULL;NULL;8
10;9  test;NULL;NULL;NULL;NULL;NULL;NULL;NULL;NULL;NULL;NULL;NULL;9
11;10  test;NULL;NULL;NULL;NULL;NULL;NULL;NULL;NULL;NULL;NULL;NULL;10
12;11  test;NULL;NULL;NULL;NULL;NULL;NULL;NULL;NULL;NULL;886;NULL;11
13;12  test;NULL;NULL;NULL;NULL;NULL;NULL;NULL;NULL;NULL;NULL;NULL;12
14;13  test;NULL;NULL;NULL;NULL;NULL;NULL;NULL;NULL;NULL;NULL;NULL;13
15;test Raf;NULL;NULL;NULL;NULL;NULL;NULL;NULL;NULL;NULL;NULL;NULL;13
16;1376/1;GD1G/00253514/7;GD1G/00051864/9;0.013;NULL;NULL;NULL;NULL;NULL;NULL;NULL;NULL;1
17;453/9;GD1G/00253511/6;GD1G/00047927/8;0.0025;NULL;NULL;NULL;NULL;NULL;NULL;NULL;NULL;2
18;120/1 ;GD1G/00101406/7; GD1G/00050407/1;0.0511;NULL;NULL;NULL;NULL;NULL;NULL;NULL;NULL;8
19;131/3;GD1G/00101406/7;GD1G/00050407/1;0.1384;NULL;NULL;NULL;NULL;NULL;NULL;NULL;NULL;8
20;1;GD1G/00239822/5;GD1G/00239822/5;0.2006;NULL;NULL;NULL;NULL;NULL;NULL;NULL;NULL;10
21;539;GD1G/00101406/7;GD1G/00012031/6;0.2497;NULL;NULL;NULL;NULL;NULL;NULL;NULL;NULL;11
22;19/6;GD1G/00101406/7; GD1G/00046564/8;0.0411;NULL;NULL;NULL;NULL;NULL;NULL;NULL;NULL;17
23;30/1;GD1G/00101406/7; GD1G/00017133/6;0.0392;NULL;NULL;NULL;NULL;NULL;NULL;NULL;NULL;17
24;27/4;GD1G/00101406/7;GD1G/00046564/8;0.0478;NULL;NULL;NULL;NULL;NULL;NULL;NULL;NULL;17
25;222/7;GD1G/00253490/2;GD1G/00027644/4;0.1379;NULL;NULL;NULL;NULL;NULL;NULL;NULL;NULL;19
26;15/1 ;GD1G/00101406/7; GD1G/00050709/8;0.0525;NULL;NULL;NULL;NULL;NULL;NULL;NULL;NULL;21
27;17/2;GD1G/00101406/7;GD1G/00050174/8;0.046;NULL;NULL;NULL;NULL;NULL;NULL;NULL;NULL;21
28;56/2;GD1G/00101406/7; GD1G/00048341/3;0.0491;NULL;NULL;NULL;NULL;NULL;NULL;NULL;NULL;32
29;279/4;GD1G/00101406/7; GD1G/00054546/5;0.0442;NULL;NULL;NULL;NULL;NULL;NULL;NULL;NULL;32
30;279/2;GD1G/00101406/7; GD1G/00054546/5;0.04;NULL;NULL;NULL;NULL;NULL;NULL;NULL;NULL;32
31;285/1;GD1G/00101406/7; GD1G/00054546/5;0.0368;NULL;NULL;NULL;NULL;NULL;NULL;NULL;NULL;32
32;277/4;GD1G/00101406/7; GD1G/00046058/8;5.293;NULL;NULL;NULL;NULL;NULL;NULL;NULL;NULL;32
33;75/42;NULL;NULL;NULL;NULL;NULL;NULL;NULL;NULL;NULL;NULL;NULL;32
34;139/1;GD1G/00101406/7;GD1G/00053231/7;0.0043;NULL;NULL;NULL;NULL;NULL;NULL;NULL;NULL;33
35;1264/3 ;GD1G/00101406/7; GD1G/00118433/7;0.0122;NULL;NULL;NULL;NULL;NULL;NULL;NULL;NULL;35
36;681/1;GD1G/00253496/4;GD1G/00130218/4;0.0164;NULL;NULL;NULL;NULL;NULL;NULL;NULL;NULL;35
37;453;GD1G/00101406/7;GD1G/00047803/3;0.0089;NULL;NULL;NULL;NULL;NULL;NULL;NULL;NULL;43
38;10/7;GD1G/00101406/7;GD1G/00061329/0;0.3338;NULL;NULL;NULL;NULL;NULL;NULL;NULL;NULL;43
39;11/1;GD1G/00101406/7;GD1G/00056320/9;0.3522;NULL;NULL;NULL;NULL;NULL;NULL;NULL;NULL;43
40;125;101406 GD1G/00017713/6;GD1G/00020337/0;0.0915;NULL;NULL;NULL;NULL;NULL;NULL;NULL;NULL;74
41;85;GD1G/00101406/7; GD1G/00056332/6;0.2386;NULL;NULL;NULL;NULL;NULL;NULL;NULL;NULL;85
42;88;GD1G/00101406/7;GD1G/00056332/6;0.0068;NULL;NULL;NULL;NULL;NULL;NULL;NULL;NULL;85
43;48/1;GD1G/00253515/4;GD1G/00035813/9;0.0025;NULL;NULL;NULL;NULL;NULL;NULL;NULL;NULL;86
44;189/1;GD1G/00101406/7;GD1G/00046063/6;0.0139;NULL;NULL;NULL;NULL;NULL;NULL;NULL;NULL;90
45;151/1;GD1G/00101406/7; GD1G/00012844/8;0.0283;NULL;NULL;NULL;NULL;NULL;NULL;NULL;NULL;90
46;38/3;GD1G/00101406/7; GD1G/00048377/4;0.0105;NULL;NULL;NULL;NULL;NULL;NULL;NULL;NULL;91
47;68;GD1G/00101406/7;GD1G/00053971/6;0.1263;NULL;NULL;NULL;NULL;NULL;NULL;NULL;NULL;93
48;63;GD1G/00101406/7; GD1G/00009829/3;0.0894;NULL;NULL;NULL;NULL;NULL;NULL;NULL;NULL;93
49;69;GD1G/00253504/4;GD1G/00249260/0;0.3503;NULL;NULL;NULL;NULL;NULL;NULL;NULL;NULL;93
50;188/3 ;GD1G/00101406/7; GD1G/00079126/6;0.003;NULL;NULL;NULL;NULL;NULL;NULL;NULL;NULL;100
51;109/1;GD1G/00101406/7;GD1G/00057885/4;0.0706;NULL;NULL;NULL;NULL;NULL;NULL;NULL;NULL;101
52;183/6 ;GD1G/00101406/7;GD1G/00047580/3;0.052;NULL;NULL;NULL;NULL;NULL;NULL;NULL;NULL;101
53;178/1 ;GD1G/00101406/7;GD1G/00047580/3;0.0134;NULL;NULL;NULL;NULL;NULL;NULL;NULL;NULL;101
54;157/5;GD1G/00101406/7;GD1G/00047580/3;0.0593;NULL;NULL;NULL;NULL;NULL;NULL;NULL;NULL;101
55;21;GD1G/00101406/7; GD1G/00055909/5;0.1786;NULL;NULL;NULL;NULL;NULL;NULL;NULL;NULL;101
56;52;GD1G/00101406/7;GD1G/00055909/5;0.152;NULL;NULL;NULL;NULL;NULL;NULL;NULL;NULL;101
57;81;GD1G/00101406/7;GD1G/00055909/5;0.0399;NULL;NULL;NULL;NULL;NULL;NULL;NULL;NULL;101
58;86;GD1G/00101406/7;GD1G/00055909/5;0.1532;NULL;NULL;NULL;NULL;NULL;NULL;NULL;NULL;101
59;11/3;GD1G/00253493/3;GD1G/00048336/5;0.0081;NULL;NULL;NULL;NULL;NULL;NULL;NULL;NULL;104
60;2/2;GD1G/00101406/7;GD1G/00045931/5;0.012;NULL;NULL;NULL;NULL;NULL;NULL;NULL;NULL;106
61;268/1;GD1G/00101406/7; GD1G/00023029/9;0.0126;NULL;NULL;NULL;NULL;NULL;NULL;NULL;NULL;97
62;25;GD1G/00101406/7;GD1G/00055909/5;0.1141;NULL;NULL;NULL;NULL;NULL;NULL;NULL;NULL;102
63;18;GD1G/00101406/7;GD1G/00055909/5;0.0314;NULL;NULL;NULL;NULL;NULL;NULL;NULL;NULL;102
64;48;GD1G/00101406/7;GD1G/00055909/5;0.7368;NULL;NULL;NULL;NULL;NULL;NULL;NULL;NULL;103
65;41;GD1G/00101406/7;GD1G/00055909/5;0.6319;NULL;NULL;NULL;NULL;NULL;NULL;NULL;NULL;103
66;30;GD1G/00101406/7;GD1G/00055909/5;0.09;NULL;NULL;NULL;NULL;NULL;NULL;NULL;NULL;103
67;21;GD1G/00101406/7;GD1G/00055909/5;0.14;NULL;NULL;NULL;NULL;NULL;NULL;NULL;NULL;103
68;16;GD1G/00101406/7;GD1G/00055909/5;0.0505;NULL;NULL;NULL;NULL;NULL;NULL;NULL;NULL;103
69;57;GD1G/00101406/7;GD1G/00055909/5;0.0362;NULL;NULL;NULL;NULL;NULL;NULL;NULL;NULL;104
70;203;GD1G/00101406/7; GD1G/00016170/0;NULL;NULL;NULL;NULL;NULL;NULL;NULL;NULL;NULL;112
71;538;GD1G/00101406/7;GD1G/00017919/0;0.04;NULL;NULL;NULL;NULL;NULL;NULL;NULL;NULL;11
72;56/22;GD1G/00101406/7; GD1G/00021757/7;0.0311;NULL;NULL;NULL;NULL;NULL;NULL;NULL;NULL;13
73;353/6 ;GD1G/00101406/7; GD1G/00050774/4;0.194;NULL;NULL;NULL;NULL;NULL;NULL;NULL;NULL;14
74;497/22;GD1G/00101406/7;GD1G/00018996/0;0.007;NULL;NULL;NULL;NULL;NULL;NULL;NULL;NULL;15
75;14/3;GD1G/00101406/7; GD1G/00046564/8;0.0453;NULL;NULL;NULL;NULL;NULL;NULL;NULL;NULL;17
76;14/5;GD1G/00101406/7; GD1G/00046564/8;0.0472;NULL;NULL;NULL;NULL;NULL;NULL;NULL;NULL;17
77;17/2;GD1G/00101406/7; GD1G/00046564/8;0.0551;NULL;NULL;NULL;NULL;NULL;NULL;NULL;NULL;17
78;19/1;GD1G/00101406/7; GD1G/00046564/8;0.0454;NULL;NULL;NULL;NULL;NULL;NULL;NULL;NULL;17
79;11/2;GD1G/00101406/7;GD1G/00056320/9;0.0994;NULL;NULL;NULL;NULL;NULL;NULL;NULL;NULL;43
80;875/3 ;GD1G/00101406/7; GD1G/00063291/8;0.0053;NULL;NULL;NULL;NULL;NULL;NULL;NULL;NULL;43
81;515/2;GD1G/00101406/7;GD1G/00048155/2;9.9637;NULL;NULL;NULL;NULL;NULL;NULL;NULL;NULL;44
82;21/2;GD1G/00101406/7;NULL;0.2778;NULL;NULL;NULL;NULL;NULL;NULL;NULL;NULL;49
83;17/2;GD1G/00101406/7;NULL;0.5449;NULL;NULL;NULL;NULL;NULL;NULL;NULL;NULL;49
84;15;GD1G/00101406/7;GD1G/00055908/8;0.0323;NULL;NULL;NULL;NULL;NULL;NULL;NULL;NULL;49
85;40/1 ;GD1G/00101406/7; GD1G/00098344/9;0.0068;NULL;NULL;NULL;NULL;NULL;NULL;NULL;NULL;49
86;48/2;GD1G/00101406/7;GD1G/00091373/2;0.0143;NULL;NULL;NULL;NULL;NULL;NULL;NULL;NULL;50
87;11/1;GD1G/00101406/7;GD1G/00018982/9;0.0196;NULL;NULL;NULL;NULL;NULL;NULL;NULL;NULL;58
88;372/1;GD1G/00101406/7;GD1G/00064115/8;0.0535;NULL;NULL;NULL;NULL;NULL;NULL;NULL;NULL;59
89;55/2;GD1G/00101406/7; GD1G/00057117/0;1.908;NULL;NULL;NULL;NULL;NULL;NULL;NULL;NULL;63
90;131;GD1G/00101406/7;GD1G/00082629/6;0.099;NULL;NULL;NULL;NULL;NULL;NULL;NULL;NULL;68
91;191/2;GD1G/00253497/1;GD1G/00056534/2;0.0022;NULL;NULL;NULL;NULL;NULL;NULL;NULL;NULL;73
92;189/7;GD1G/00253501/3;GD1G/00034679/0;0.0012;NULL;NULL;NULL;NULL;NULL;NULL;NULL;NULL;73
93;53/97;GD1G/00253502/0;GD1G/00032821/7;0.034;NULL;NULL;NULL;NULL;NULL;NULL;NULL;NULL;73
94;197/1;GD1G/00253497/1;GD1G/00056534/2;0.0637;NULL;NULL;NULL;NULL;NULL;NULL;NULL;NULL;73
95;216/1;GD1G/00253495/7;GD1G/00054090/3;0.0025;NULL;NULL;NULL;NULL;NULL;NULL;NULL;NULL;94
96;144/1;GD1G/00253498/8;GD1G/00047437/6;0.0025;NULL;NULL;NULL;NULL;NULL;NULL;NULL;NULL;95
97;126/1;GD1G/00253494/0;GD1G/00056078/7;0.005;NULL;NULL;NULL;NULL;NULL;NULL;NULL;NULL;96
98;2/1;GD1G/00253499/5;GD1G/00071965/3;0.0016;NULL;NULL;NULL;NULL;NULL;NULL;NULL;NULL;96
99;352/11;GD1G/00253500/6;GD1G/00047934/0;0.0038;NULL;NULL;NULL;NULL;NULL;NULL;NULL;NULL;96
100;571;GD1G/00253509/9;GD1G/00053042/5;0.0064;NULL;NULL;NULL;NULL;NULL;NULL;NULL;NULL;97
101;204/2 ;GD1G/00101406/7;GD1G/00055386/2;0.0333;NULL;NULL;NULL;NULL;NULL;NULL;NULL;NULL;98
102;34/6;GD1G/00101406/7; GD1G/00047936/4;0.0018;NULL;NULL;NULL;NULL;NULL;NULL;NULL;NULL;99
103;103/1 ;GD1G/00101406/7;GD1G/00047901/0;0.0506;NULL;NULL;NULL;NULL;NULL;NULL;NULL;NULL;100
104;100/1 ;GD1G/00017713/6;GD1G/00017713/6;0.0553;NULL;NULL;NULL;NULL;NULL;NULL;NULL;NULL;100
105;301/157;GD1G/00253516/1;GD1G/00118181/5;0.0095;NULL;NULL;NULL;NULL;NULL;NULL;NULL;NULL;110
106;538/3;GD1G/00253506/8;GD1G/00105649/0;0.0047;NULL;NULL;NULL;NULL;NULL;NULL;NULL;NULL;112
107;395/11;GD1G/00253510/9;GD1G/00056634/3;0.0015;NULL;NULL;NULL;NULL;NULL;NULL;NULL;NULL;112
108;395/15;GD1G/00253510/9;GD1G/00056634/3;0.0001;NULL;NULL;NULL;NULL;NULL;NULL;NULL;NULL;112
109;100/1 ;GD1G/00101406/7; GD1G/00024413/5;0.0015;NULL;NULL;NULL;NULL;NULL;NULL;NULL;NULL;48
110;154/8;GD1G/00101406/7; GD1G/00081958/4;0.01;NULL;NULL;NULL;NULL;NULL;NULL;NULL;NULL;1
111;119/1;GD1G/00138767/3; GD1G/00072205/5;0.0419;NULL;NULL;NULL;NULL;NULL;NULL;NULL;NULL;1
112;1233/24;GD1G/00068521/5;GD1G/00068521/5;0.0016;NULL;NULL;NULL;NULL;NULL;NULL;NULL;NULL;1
113;476;GD1G/00217333/0;GD1G/00055906/4;0.2545;NULL;NULL;NULL;NULL;NULL;NULL;NULL;NULL;89
114;46;GD1G/00101406/7;GD1G/00055909/5;0.6245;NULL;NULL;NULL;NULL;NULL;NULL;NULL;NULL;105
115;52;GD1G/00101406/7; GD1G/00046133/8;0.22;NULL;NULL;NULL;NULL;NULL;NULL;NULL;NULL;106
116;86;GD1G/00101406/7;GD1G/00055909/5;0.0947;NULL;NULL;NULL;NULL;NULL;NULL;NULL;NULL;106
117;99/3;NULL;GD1G/00016199/9;0.0048;NULL;NULL;NULL;NULL;NULL;NULL;NULL;NULL;106
118;14/1;GD1G/00256558/8;GD1G/00256558/8;0.4358;NULL;NULL;NULL;NULL;NULL;NULL;NULL;NULL;109
119;5/1;GD1G/00101406/7; GD1G/00015748/6;0.124;NULL;NULL;NULL;NULL;NULL;NULL;NULL;NULL;110
120;12/16;GD1G/00101406/7;GD1G/00015728/0;0.0115;NULL;NULL;NULL;NULL;NULL;NULL;NULL;NULL;110
121;219/5 ;GD1G/00101406/7; GD1G/00048465/8;0.0165;NULL;NULL;NULL;NULL;NULL;NULL;NULL;NULL;110
122;292/3 ;GD1G/00101406/7; GD1G/00119217/4;0.006;NULL;NULL;NULL;NULL;NULL;NULL;NULL;NULL;110
123;3/19;GD1G/00101406/7; GD1G/00118181/5;0.0185;NULL;NULL;NULL;NULL;NULL;NULL;NULL;NULL;111
124;2/55;GD1G/00253486/1;GD1G/00037526/4;0.0452;NULL;NULL;NULL;NULL;NULL;NULL;NULL;NULL;164
125;409/3;GD1G/00209881/7;GD1G/00016057/2;0.0006;NULL;NULL;NULL;NULL;NULL;NULL;NULL;NULL;112
126;124/14;GD1G/00315275/2;GD1G/00002155/8;0.0078;NULL;NULL;NULL;NULL;NULL;NULL;NULL;NULL;113
127;215/21 ;GD1G/00101406/7;GD1G/00102231/6;0.006;NULL;NULL;NULL;NULL;NULL;NULL;NULL;NULL;158
128;38/5;GD1G/00280096/8;GD1G/00191034/5;0.0026;NULL;NULL;NULL;NULL;NULL;NULL;NULL;NULL;17
129;36;GD1G/00101406/7; GD1G/00046564/8;1.782;NULL;NULL;NULL;NULL;NULL;NULL;NULL;NULL;17
130;222/6;GD1G/00182054/5;GD1G/00027644/4;0.0007;NULL;NULL;NULL;NULL;NULL;NULL;NULL;NULL;19
131;62/90;GD1G/00186242/8;GD1G/00186242/8;0.0055;NULL;NULL;NULL;NULL;NULL;NULL;NULL;NULL;20
132;25/8;GD1G/00101406/7; GD1G/00104102/7;0.088;NULL;NULL;NULL;NULL;NULL;NULL;NULL;NULL;133
133;1/35;GD1G/00263065/7;GD1G/00080000/7;0.006;NULL;NULL;NULL;NULL;NULL;NULL;NULL;NULL;134
134;337;GD1G/00101406/7; GD1G/00035604/1;0.09;NULL;NULL;NULL;NULL;NULL;NULL;NULL;NULL;3
135;235/6;GD1G/00140194/2;GD1G/00094305/6;0.0263;NULL;NULL;NULL;NULL;NULL;NULL;NULL;NULL;3
136;234/18;GD1G/00140209/1; GD1G/00030817/2;0.089;NULL;NULL;NULL;NULL;NULL;NULL;NULL;NULL;3
137;299/1 ;GD1G/00101406/7; GD1G/00019264/7;0.0451;NULL;NULL;NULL;NULL;NULL;NULL;NULL;NULL;137
138;158;GD1G/00077796/9;GD1G/00077796/9;0.0706;NULL;NULL;NULL;NULL;NULL;NULL;NULL;NULL;1
139;453/6;GD1G/00253511/6;GD1G/00047927/8;0.0006;NULL;NULL;NULL;NULL;NULL;NULL;NULL;NULL;2
140;108/9;GD1G/00101406/7; GD1G/00061848/4;0.0167;NULL;NULL;NULL;NULL;NULL;NULL;NULL;NULL;6
141;120/2 ;GD1G/00101406/7;GD1G/00050407/1;0.049;NULL;NULL;NULL;NULL;NULL;NULL;NULL;NULL;8
142;113/5;GD1G/00253518/5;GD1G/00140497/6;0.0182;NULL;NULL;NULL;NULL;NULL;NULL;NULL;NULL;8
143;542/1 ;GD1G/00101406/7; GD1G/00019326/0;0.551;NULL;NULL;NULL;NULL;NULL;NULL;NULL;NULL;11
144;19/3;GD1G/00101406/7; GD1G/00046564/8;0.0451;NULL;NULL;NULL;NULL;NULL;NULL;NULL;NULL;17
145;20/1;GD1G/00101406/7; GD1G/00046564/8;0.0399;NULL;NULL;NULL;NULL;NULL;NULL;NULL;NULL;17
146;32/1;GD1G/00101406/7; GD1G/00017133/6;0.0423;NULL;NULL;NULL;NULL;NULL;NULL;NULL;NULL;17
147;14/2;GD1G/00101406/7; GD1G/00046564/8;0.133;NULL;NULL;NULL;NULL;NULL;NULL;NULL;NULL;17
148;223/17;GD1G/00253490/2;GD1G/00248352/5;0.0274;NULL;NULL;NULL;NULL;NULL;NULL;NULL;NULL;19
149;17/1;GD1G/00101406/7;GD1G/00050174/8;0.0524;NULL;NULL;NULL;NULL;NULL;NULL;NULL;NULL;21
150;109/22 ;GD1G/00101406/7;GD1G/00027184/1;0.0081;NULL;NULL;NULL;NULL;NULL;NULL;NULL;NULL;30
151;56/1;GD1G/00101406/7;GD1G/00048341/3;0.0489;NULL;NULL;NULL;NULL;NULL;NULL;NULL;NULL;32
152;279/3;GD1G/00101406/7; GD1G/00054546/5;0.0386;NULL;NULL;NULL;NULL;NULL;NULL;NULL;NULL;32
153;279/1;GD1G/00101406/7; GD1G/00054546/5;0.0494;NULL;NULL;NULL;NULL;NULL;NULL;NULL;NULL;32
154;286/1;GD1G/00101406/7; GD1G/00054546/5;0.0647;NULL;NULL;NULL;NULL;NULL;NULL;NULL;NULL;32
155;61/11;GD1G/00101406/7;GD1G/00048341/3;0.1138;NULL;NULL;NULL;NULL;NULL;NULL;NULL;NULL;32
156;95/37;NULL;NULL;NULL;NULL;NULL;NULL;NULL;NULL;NULL;NULL;NULL;32
157;1264/4;GD1G/00101406/7; GD1G/00118433/7;0.0269;NULL;NULL;NULL;NULL;NULL;NULL;NULL;NULL;35
158;331/1;GD1G/00253492/6;GD1G/00059509/9;0.0034;NULL;NULL;NULL;NULL;NULL;NULL;NULL;NULL;35
159;318/28;GD1G/00253513/0;GD1G/00000231/1;0.0028;NULL;NULL;NULL;NULL;NULL;NULL;NULL;NULL;35
160;10/5;GD1G/00101406/7;GD1G/00061329/0;0.0265;NULL;NULL;NULL;NULL;NULL;NULL;NULL;NULL;43
161;10/8;GD1G/00101406/7;GD1G/00061329/0;0.1064;NULL;NULL;NULL;NULL;NULL;NULL;NULL;NULL;43
162;112;GD1G/00101406/7;GD1G/00055968/6;0.0468;NULL;NULL;NULL;NULL;NULL;NULL;NULL;NULL;74
163;377;GD1G/00253489/2;GD1G/00045888/8;0.0161;NULL;NULL;NULL;NULL;NULL;NULL;NULL;NULL;83
164;86;GD1G/00101406/7;GD1G/00052899/0;0.0031;NULL;NULL;NULL;NULL;NULL;NULL;NULL;NULL;85
165;87;GD1G/00101406/7;GD1G/00056332/6;0.0673;NULL;NULL;NULL;NULL;NULL;NULL;NULL;NULL;85
166;471;GD1G/00101406/7; GD1G/00055906/4;0.1805;NULL;NULL;NULL;NULL;NULL;NULL;NULL;NULL;89
167;116/4;GD1G/00101406/7; GD1G/00012614/7;0.0288;NULL;NULL;NULL;NULL;NULL;NULL;NULL;NULL;90
168;60/8;GD1G/00280094/4;GD1G/00064326/0;0.0012;NULL;NULL;NULL;NULL;NULL;NULL;NULL;NULL;90
169;16/1;GD1G/00101406/7;GD1G/00124715/3;0.0387;NULL;NULL;NULL;NULL;NULL;NULL;NULL;NULL;91
170;67;GD1G/00101406/7;GD1G/00053971/6;1.0308;NULL;NULL;NULL;NULL;NULL;NULL;NULL;NULL;93
171;64;GD1G/00101406/7;GD1G/00019372/7;0.0033;NULL;NULL;NULL;NULL;NULL;NULL;NULL;NULL;93
172;95/1;GD1G/00101406/7;GD1G/00092152/4;0.3294;NULL;NULL;NULL;NULL;NULL;NULL;NULL;NULL;100
173;101/3;GD1G/00017713/6;GD1G/00047901/0;0.5549;NULL;NULL;NULL;NULL;NULL;NULL;NULL;NULL;100
174;181/1 ;GD1G/00101406/7;GD1G/00047580/3;0.0648;NULL;NULL;NULL;NULL;NULL;NULL;NULL;NULL;101
175;179/1 ;GD1G/00101406/7;GD1G/00047580/3;0.0888;NULL;NULL;NULL;NULL;NULL;NULL;NULL;NULL;101
176;140/1 ;GD1G/00101406/7;GD1G/00057885/4;0.0593;NULL;NULL;NULL;NULL;NULL;NULL;NULL;NULL;101
177;34;GD1G/00101406/7; GD1G/00047580/3;0.044;NULL;NULL;NULL;NULL;NULL;NULL;NULL;NULL;101
178;36;GD1G/00101406/7;GD1G/00055909/5;0.2856;NULL;NULL;NULL;NULL;NULL;NULL;NULL;NULL;101
179;78;GD1G/00101406/7;GD1G/00055909/5;0.1972;NULL;NULL;NULL;NULL;NULL;NULL;NULL;NULL;101
180;85;GD1G/00101406/7;GD1G/00055909/5;0.1057;NULL;NULL;NULL;NULL;NULL;NULL;NULL;NULL;101
181;11/1;GD1G/00253493/3;GD1G/00048336/5;0.0112;NULL;NULL;NULL;NULL;NULL;NULL;NULL;NULL;104
182;45/1;GD1G/00101406/7; GD1G/00070466/8;0.0076;NULL;NULL;NULL;NULL;NULL;NULL;NULL;NULL;105
183;68/3;GD1G/00101406/7;NULL;0.0074;NULL;NULL;NULL;NULL;NULL;NULL;NULL;NULL;90
184;205/1;GD1G/00299740/4;GD1G/00014157/9;0.0078;NULL;NULL;NULL;NULL;NULL;NULL;NULL;NULL;98
185;22;GD1G/00101406/7;GD1G/00055909/5;0.0121;NULL;NULL;NULL;NULL;NULL;NULL;NULL;NULL;102
186;11/2;GD1G/00101406/7;GD1G/00055909/5;0.0428;NULL;NULL;NULL;NULL;NULL;NULL;NULL;NULL;102
187;45;GD1G/00101406/7;GD1G/00055909/5;0.224;NULL;NULL;NULL;NULL;NULL;NULL;NULL;NULL;103
188;33;GD1G/00101406/7;GD1G/00055909/5;0.0675;NULL;NULL;NULL;NULL;NULL;NULL;NULL;NULL;103
189;24;GD1G/00101406/7;GD1G/00055909/5;0.0386;NULL;NULL;NULL;NULL;NULL;NULL;NULL;NULL;103
190;17;GD1G/00101406/7;GD1G/00055909/5;0.048;NULL;NULL;NULL;NULL;NULL;NULL;NULL;NULL;103
191;20;GD1G/00101406/7;GD1G/00055909/5;0.038;NULL;NULL;NULL;NULL;NULL;NULL;NULL;NULL;103
192;60;GD1G/00101406/7;GD1G/00055909/5;0.334;NULL;NULL;NULL;NULL;NULL;NULL;NULL;NULL;104
193;532/2;GD1G/00253491/9;GD1G/00015893/7;0.1422;NULL;NULL;NULL;NULL;NULL;NULL;NULL;NULL;11
194;353/1 ;GD1G/00101406/7;GD1G/00050774/4;0.0522;NULL;NULL;NULL;NULL;NULL;NULL;NULL;NULL;14
195;514/1;GD1G/00101406/7;GD1G/00034431/0;0.009;NULL;NULL;NULL;NULL;NULL;NULL;NULL;NULL;15
196;15/1;GD1G/00101406/7; GD1G/00046564/8;0.0559;NULL;NULL;NULL;NULL;NULL;NULL;NULL;NULL;17
197;14/4;GD1G/00101406/7; GD1G/00046564/8;0.0451;NULL;NULL;NULL;NULL;NULL;NULL;NULL;NULL;17
198;17/1;GD1G/00101406/7; GD1G/00046564/8;0.0559;NULL;NULL;NULL;NULL;NULL;NULL;NULL;NULL;17
199;17/4;GD1G/00101406/7; GD1G/00046564/8;0.0378;NULL;NULL;NULL;NULL;NULL;NULL;NULL;NULL;17
200;258/6;GD1G/00101406/7;GD1G/00070664/6;0.0148;NULL;NULL;NULL;NULL;NULL;NULL;NULL;NULL;137
201;220/10;GD1G/00015778/5;GD1G/00015637/5;5.6172;NULL;NULL;NULL;NULL;NULL;NULL;NULL;NULL;137
202;220/9;GD1G/00015778/5;GD1G/00015778/5;0.2205;NULL;NULL;NULL;NULL;NULL;NULL;NULL;NULL;137
203;184/1;GD1G/00202881/8;GD1G/00012629/5;0.1861;NULL;NULL;NULL;NULL;NULL;NULL;NULL;NULL;138
204;165/8 ;GD1G/00101406/7;GD1G/00055909/5;0.1115;NULL;NULL;NULL;NULL;NULL;NULL;NULL;NULL;138
205;171/2 ;GD1G/00101406/7;GD1G/00055909/5;0.1352;NULL;NULL;NULL;NULL;NULL;NULL;NULL;NULL;138
206;231/4;GD1G/00101406/7;GD1G/00055909/5;0.1049;NULL;NULL;NULL;NULL;NULL;NULL;NULL;NULL;138
207;156/2 ;GD1G/00101406/7; GD1G/00057338/5;0.1204;NULL;NULL;NULL;NULL;NULL;NULL;NULL;NULL;138
208;184/2;GD1G/00101406/7; GD1G/00057338/5;0.0998;NULL;NULL;NULL;NULL;NULL;NULL;NULL;NULL;138
209;194/4;GD1G/00101406/7; GD1G/00057338/5;0.1567;NULL;NULL;NULL;NULL;NULL;NULL;NULL;NULL;138
210;229/4 ;GD1G/00101406/7;GD1G/00057338/5;0.0812;NULL;NULL;NULL;NULL;NULL;NULL;NULL;NULL;138
211;231/2 ;GD1G/00101406/7;GD1G/00057338/5;0.0649;NULL;NULL;NULL;NULL;NULL;NULL;NULL;NULL;138
212;183/5;GD1G/00155818/1; GD1G/00012842/4;0.0046;NULL;NULL;NULL;NULL;NULL;NULL;NULL;NULL;138
213;183/7;GD1G/00155818/1; GD1G/00012842/4;0.1261;NULL;NULL;NULL;NULL;NULL;NULL;NULL;NULL;138
214;187/1;GD1G/00190095/3; GD1G/00012641/5;0.0679;NULL;NULL;NULL;NULL;NULL;NULL;NULL;NULL;138
215;802;GD1G/00253512/3;GD1G/00030881/1;0.7429;NULL;NULL;NULL;NULL;NULL;NULL;NULL;NULL;139
216;822/3 ;GD1G/00101406/7;GD1G/00013181/9;0.0955;NULL;NULL;NULL;NULL;NULL;NULL;NULL;NULL;139
217;903/1;GD1G/00101406/7;GD1G/00016964/3;0.3106;NULL;NULL;NULL;NULL;NULL;NULL;NULL;NULL;139
218;936/1;GD1G/00101406/7;GD1G/00070466/8;0.1314;NULL;NULL;NULL;NULL;NULL;NULL;NULL;NULL;139
219;642/1;GD1G/00101406/7;GD1G/00024830/4;0.1295;NULL;NULL;NULL;NULL;NULL;NULL;NULL;NULL;139
220;638/12;GD1G/00101406/7;GD1G/00055909/5;0.0186;NULL;NULL;NULL;NULL;NULL;NULL;NULL;NULL;139
221;5/3;GD1G/00223584/9; GD1G/00010645/9;0.012;NULL;NULL;NULL;NULL;NULL;NULL;NULL;NULL;143
222;10/8;GD1G/00174913/6;GD1G/00033651/1;0.103;NULL;NULL;NULL;NULL;NULL;NULL;NULL;NULL;149
223;136/44;GD1G/00262000/7;GD1G/00204780/4;0.5189;NULL;NULL;NULL;NULL;NULL;NULL;NULL;NULL;34
224;136/42;GD1G/00262000/7;GD1G/00204780/4;0.2759;NULL;NULL;NULL;NULL;NULL;NULL;NULL;NULL;34
225;1/1;GD1G/00101406/7; GD1G/00000231/1;0.0399;NULL;NULL;NULL;NULL;NULL;NULL;NULL;NULL;35
226;139/114;GD1G/00237850/6;GD1G/00092257/0;0.0013;NULL;NULL;NULL;NULL;NULL;NULL;NULL;NULL;36
227;11/1;GD1G/00101406/7; GD1G/00047810/5;0.1197;NULL;NULL;NULL;NULL;NULL;NULL;NULL;NULL;46
228;10/1;GD1G/00101406/7; GD1G/00050465/5;0.04;NULL;NULL;NULL;NULL;NULL;NULL;NULL;NULL;46
229;6/3;GD1G/00280091/3;GD1G/00068721/7;0.0065;NULL;NULL;NULL;NULL;NULL;NULL;NULL;NULL;46
230;159/1;GD1G/00101406/7; GD1G/00047976/6;0.0106;NULL;NULL;NULL;NULL;NULL;NULL;NULL;NULL;47
231;476/21;GD1G/00101406/7;GD1G/00101406/7;0.0108;NULL;NULL;NULL;NULL;NULL;NULL;NULL;NULL;48
232;456/2;GD1G/00101406/7; GD1G/00072576/6;0.0376;NULL;NULL;NULL;NULL;NULL;NULL;NULL;NULL;48
233;25/1;GD1G/00101406/7; GD1G/00065226/6;0.0505;NULL;NULL;NULL;NULL;NULL;NULL;NULL;NULL;48
234;124/1;GD1G/00101406/7;GD1G/00046025/8;0.06;NULL;NULL;NULL;NULL;NULL;NULL;NULL;NULL;48
235;4/314;GD1G/00192453/5;GD1G/00133999/3;0.0025;NULL;NULL;NULL;NULL;NULL;NULL;NULL;NULL;72
236;374/21;GD1G/00247306/1;GD1G/00247306/1;0.0028;NULL;NULL;NULL;NULL;NULL;NULL;NULL;NULL;72
237;10/311;GD1G/00287875/2;GD1G/00196674/8;0.0067;NULL;NULL;NULL;NULL;NULL;NULL;NULL;NULL;72
238;155/2;GD1G/00101406/7;GD1G/00040034/2;0.0954;NULL;NULL;NULL;NULL;NULL;NULL;NULL;NULL;73
239;50/28;NULL;NULL;21.57;NULL;NULL;NULL;NULL;NULL;NULL;NULL;NULL;204
240;50/8;NULL;NULL;4.2;NULL;NULL;NULL;NULL;NULL;NULL;NULL;NULL;204
241;375/1;GD1G/00101406/7; GD1G/00030582/5;0.1224;NULL;NULL;NULL;NULL;NULL;NULL;NULL;NULL;23
242;40/4;GD1G/00280095/1;GD1G/00050956/4;0.0031;NULL;NULL;NULL;NULL;NULL;NULL;NULL;NULL;122
243;38/3;GD1G/00253488/5;GD1G/00047579/3;0.0465;NULL;NULL;NULL;NULL;NULL;NULL;NULL;NULL;122
244;29/3;GD1G/00101406/7; GD1G/00048517/8;0.0067;NULL;NULL;NULL;NULL;NULL;NULL;NULL;NULL;173
245;31/3;GD1G/00101406/7; GD1G/00048517/8;0.0128;NULL;NULL;NULL;NULL;NULL;NULL;NULL;NULL;173
246;25/2;GD1G/00101406/7;GD1G/00055233/5;0.0225;NULL;NULL;NULL;NULL;NULL;NULL;NULL;NULL;125
247;120;GD1G/00101406/7;GD1G/00048516/1;0.0939;NULL;NULL;NULL;NULL;NULL;NULL;NULL;NULL;131
248;25/14;GD1G/00146864/2; GD1G/00104102/7;0.0108;NULL;NULL;NULL;NULL;NULL;NULL;NULL;NULL;133
249;220/5;GD1G/00101406/7; GD1G/00024830/4;0.1285;NULL;NULL;NULL;NULL;NULL;NULL;NULL;NULL;137
250;200/3;GD1G/00101406/7;GD1G/00038998/0;2.5615;NULL;NULL;NULL;NULL;NULL;NULL;NULL;NULL;137
251;202/12;GD1G/00101406/7; GD1G/00013378/7;0.1044;NULL;NULL;NULL;NULL;NULL;NULL;NULL;NULL;137
252;203;GD1G/00101406/7; GD1G/00049070/9;0.24;NULL;NULL;NULL;NULL;NULL;NULL;NULL;NULL;137
253;205/3;GD1G/00101406/7; GD1G/00015267/0;6.1284;NULL;NULL;NULL;NULL;NULL;NULL;NULL;NULL;137
254;212/2;101406 GD1G/00017713/6;GD1G/00027014/9;1.5169;NULL;NULL;NULL;NULL;NULL;NULL;NULL;NULL;137
255;217/1;GD1G/00101406/7; GD1G/00024830/4;1.2244;NULL;NULL;NULL;NULL;NULL;NULL;NULL;NULL;137
256;215/4;101406 GD1G/00017713/6; GD1G/00020039/1;1.7219;NULL;NULL;NULL;NULL;NULL;NULL;NULL;NULL;137
257;199/4;GD1G/00101406/7; GD1G/00038998/0;0.7895;NULL;NULL;NULL;NULL;NULL;NULL;NULL;NULL;137
258;218/6;GD1G/00015778/5;GD1G/00027014/9;0.0288;NULL;NULL;NULL;NULL;NULL;NULL;NULL;NULL;137
259;3/1;GD1G/00101406/7; GD1G/00060009/4;0.0144;NULL;NULL;NULL;NULL;NULL;NULL;NULL;NULL;150
260;26/2;GD1G/00253508/2;GD1G/00013081/8;0.0064;NULL;NULL;NULL;NULL;NULL;NULL;NULL;NULL;153
261;277/3;GD1G/00101406/7; GD1G/00046058/8;0.0073;NULL;NULL;NULL;NULL;NULL;NULL;NULL;NULL;32
262;61/31;GD1G/00101406/7;NULL;0.0047;NULL;NULL;NULL;NULL;NULL;NULL;NULL;NULL;32
263;15/4;GD1G/00101406/7;GD1G/00055907/1;0.0432;NULL;NULL;NULL;NULL;NULL;NULL;NULL;NULL;156
264;18/2;GD1G/00101406/7;GD1G/00055907/1;0.0585;NULL;NULL;NULL;NULL;NULL;NULL;NULL;NULL;156
265;420/142;GD1G/00237178/1;GD1G/00084887/6;0.0048;NULL;NULL;NULL;NULL;NULL;NULL;NULL;NULL;34
266;509/17;GD1G/00251579/6;GD1G/00204780/4;0.0066;NULL;NULL;NULL;NULL;NULL;NULL;NULL;NULL;34
267;267/14;GD1G/00140615/0; GD1G/00104767/6;0.2626;NULL;NULL;NULL;NULL;NULL;NULL;NULL;NULL;35
268;847;GD1G/00101406/7; GD1G/00000231/1;0.1508;NULL;NULL;NULL;NULL;NULL;NULL;NULL;NULL;35
269;262/4;GD1G/00194564/0;NULL;0.0262;NULL;NULL;NULL;NULL;NULL;NULL;NULL;NULL;35
270;25/1;GD1G/00259400/7;GD1G/00058774/0;0.2816;NULL;NULL;NULL;NULL;NULL;NULL;NULL;NULL;35
271;24/5;GD1G/00259401/4;GD1G/00059509/9;0.2812;NULL;NULL;NULL;NULL;NULL;NULL;NULL;NULL;35
272;10/3;GD1G/00299175/2;GD1G/00058774/0;0.0002;NULL;NULL;NULL;NULL;NULL;NULL;NULL;NULL;35
273;138/49;GD1G/00307262/9;GD1G/00002376/3;0.005;NULL;NULL;NULL;NULL;NULL;NULL;NULL;NULL;35
274;3/30;GD1G/00203965/8;GD1G/00148673/0;0.0034;NULL;NULL;NULL;NULL;NULL;NULL;NULL;NULL;49
275;293;GD1G/00279135/4;GD1G/00051894/8;0.0969;NULL;NULL;NULL;NULL;NULL;NULL;NULL;NULL;53
276;150/1;GD1G/00299176/9;GD1G/00059160/0;0.0023;NULL;NULL;NULL;NULL;NULL;NULL;NULL;NULL;61
277;27/26;GD1G/00314226/7;GD1G/00000357/0;0.0234;NULL;NULL;NULL;NULL;NULL;NULL;NULL;NULL;7
278;214;GD1G/00101406/7;GD1G/00070466/8;0.0109;NULL;NULL;NULL;NULL;NULL;NULL;NULL;NULL;72
279;330;GD1G/00101406/7;GD1G/00070466/8;0.0893;NULL;NULL;NULL;NULL;NULL;NULL;NULL;NULL;72
280;313;GD1G/00101406/7;GD1G/00070466/8;0.0086;NULL;NULL;NULL;NULL;NULL;NULL;NULL;NULL;72
281;21;GD1G/00101406/7;GD1G/00060115/0;0.0036;NULL;NULL;NULL;NULL;NULL;NULL;NULL;NULL;72
282;53/716; GD1G/00229043/7; GD1G/00146931/3;0.0438;NULL;NULL;NULL;NULL;NULL;NULL;NULL;NULL;73
283;25/1;GD1G/00005377/1;GD1G/00005377/1;0.0034;NULL;NULL;NULL;NULL;NULL;NULL;NULL;NULL;73
284;448/1;GD1G/00296134/2;GD1G/00248378/3;0.0826;NULL;NULL;NULL;NULL;NULL;NULL;NULL;NULL;74
285;269/10;GD1G/00301016/8;GD1G/00301016/8;0.0041;NULL;NULL;NULL;NULL;NULL;NULL;NULL;NULL;8
286;97/1;GD1G/00280090/6;GD1G/00049940/9;0.0041;NULL;NULL;NULL;NULL;NULL;NULL;NULL;NULL;81
287;16/5;GD1G/00101406/7;GD1G/00066085/2;0.0597;NULL;NULL;NULL;NULL;NULL;NULL;NULL;NULL;86
288;9/7;GD1G/00101406/7;GD1G/00101406/7;0.0016;NULL;NULL;NULL;NULL;NULL;NULL;NULL;NULL;88
289;268/7;GD1G/00223413/0;GD1G/00059210/6;0.0094;NULL;NULL;NULL;NULL;NULL;NULL;NULL;NULL;88
290;771/6;GD1R/00051458/0;GD1R/00051458/0;0.107;NULL;NULL;NULL;NULL;NULL;NULL;NULL;NULL;218
291;766/1;GD1R/00051458/0;GD1R/00050725/6;0.0958;NULL;NULL;NULL;NULL;NULL;NULL;NULL;NULL;218
292;768/4 ;GD1R/00051458/0;GD1R/00050723/2;0.0684;NULL;NULL;NULL;NULL;NULL;NULL;NULL;NULL;218
293;305/6;NULL;NULL;0.12;NULL;NULL;NULL;NULL;NULL;NULL;NULL;NULL;208
294;145;NULL;NULL;0.07;NULL;NULL;NULL;NULL;NULL;NULL;NULL;NULL;208
295;43/9;GD1G/00056402/8;GD1G/00056402/8;0.42;NULL;NULL;NULL;NULL;NULL;NULL;NULL;NULL;211
296;50/10;NULL;NULL;2;NULL;NULL;NULL;NULL;NULL;NULL;NULL;NULL;204
297;84/50;GD1G/00101406/7;NULL;0.1096;NULL;NULL;NULL;NULL;NULL;NULL;NULL;NULL;217
298;83/5;GD1G/00101406/7; GD1G/00072984/9;0.092;NULL;NULL;NULL;NULL;NULL;NULL;NULL;NULL;217
299;1158;GD1R/00061402/6;GD1R/00053193/8;0.1268;NULL;NULL;NULL;NULL;NULL;NULL;NULL;NULL;218
300;1126/5;GD1R/00071090/8;GD1R/00053193/8;0.2665;NULL;NULL;NULL;NULL;NULL;NULL;NULL;NULL;218
301;265/19;GD1G/00056402/8;GD1G/00056402/8;0.5377;NULL;NULL;NULL;NULL;NULL;NULL;NULL;NULL;211
302;336/3;NULL;NULL;0.6;NULL;NULL;NULL;NULL;NULL;NULL;NULL;NULL;211
303;331/80;NULL;NULL;0.72;NULL;NULL;NULL;NULL;NULL;NULL;NULL;NULL;211
304;81;NULL;NULL;0.21;NULL;NULL;NULL;NULL;NULL;NULL;NULL;NULL;221
305;398/31;GD1G/00056402/8;GD1G/00056402/11;10.6103;NULL;NULL;NULL;NULL;NULL;NULL;NULL;NULL;214
306;404/3;GD1G/00056402/8;GD1G/00056402/8;1.7717;NULL;NULL;NULL;NULL;NULL;NULL;NULL;NULL;214
307;404/5;GD1G/00056402/8;GD1G/00056402/8;1.0237;NULL;NULL;NULL;NULL;NULL;NULL;NULL;NULL;214
308;404/7;GD1G/00056402/8;GD1G/00056402/8;4.298;NULL;NULL;NULL;NULL;NULL;NULL;NULL;NULL;214
309;9/10;GD1G/00137422/6; GD1G/00007007/1;0.1042;NULL;NULL;NULL;NULL;NULL;NULL;NULL;NULL;191
310;38/4;NULL;NULL;NULL;NULL;NULL;NULL;NULL;NULL;NULL;NULL;NULL;201
311;35/3;NULL;NULL;NULL;NULL;NULL;NULL;NULL;NULL;NULL;NULL;NULL;201
312;96/5;NULL;NULL;NULL;NULL;NULL;NULL;NULL;NULL;NULL;NULL;NULL;201
313;59/3;NULL;NULL;NULL;NULL;NULL;NULL;NULL;NULL;NULL;NULL;NULL;201
314;107/8;NULL;NULL;NULL;NULL;NULL;NULL;NULL;NULL;NULL;NULL;NULL;201
315;46/4;NULL;NULL;NULL;NULL;NULL;NULL;NULL;NULL;NULL;NULL;NULL;201
316;100/4;NULL;NULL;NULL;NULL;NULL;NULL;NULL;NULL;NULL;NULL;NULL;201
317;107/7;NULL;NULL;NULL;NULL;NULL;NULL;NULL;NULL;NULL;NULL;NULL;201
318;2/9;NULL;NULL;0.999;NULL;NULL;NULL;NULL;NULL;NULL;NULL;NULL;198
319;7/11;NULL;NULL;0.0105;NULL;NULL;NULL;NULL;NULL;NULL;NULL;NULL;198
320;7/10;NULL;NULL;10.9465;NULL;NULL;NULL;NULL;NULL;NULL;NULL;NULL;198
321;2/3;NULL;NULL;0.028;NULL;NULL;NULL;NULL;NULL;NULL;NULL;NULL;198
322;7/6;NULL;NULL;0.11;NULL;NULL;NULL;NULL;NULL;NULL;NULL;NULL;198
323;11;NULL;NULL;1.08;NULL;NULL;NULL;NULL;NULL;NULL;NULL;NULL;198
324;4/3;NULL;NULL;2.11;NULL;NULL;NULL;NULL;NULL;NULL;NULL;NULL;198
325;7/7;NULL;NULL;0.21;NULL;NULL;NULL;NULL;NULL;NULL;NULL;NULL;198
326;2/5;NULL;NULL;2.239;NULL;NULL;NULL;NULL;NULL;NULL;NULL;NULL;198
327;218/2 ;GD1G/00056402/8;GD1G/00056402/8;0.1274;NULL;NULL;NULL;NULL;NULL;NULL;NULL;NULL;214
328;72/1;GD1G/00056402/8;GD1G/00056402/8;0.3912;NULL;NULL;NULL;NULL;NULL;NULL;NULL;NULL;214
329;125;GD1G/00056402/8;GD1G/00056402/8;0.14;NULL;NULL;NULL;NULL;NULL;NULL;NULL;NULL;214
330;398/30;GD1G/00056402/8;GD1G/00056402/10;0.4005;NULL;NULL;NULL;NULL;NULL;NULL;NULL;NULL;214
331;19/2;GD1G/00101406/7; GD1G/00046564/8;0.0556;NULL;NULL;NULL;NULL;NULL;NULL;NULL;NULL;17
332;12;GD1G/00101406/7;GD1G/00023348/1;0.0654;NULL;NULL;NULL;NULL;NULL;NULL;NULL;NULL;43
333;45/7;GD1G/00244466/9;GD1G/00244466/9;0.0077;NULL;NULL;NULL;NULL;NULL;NULL;NULL;NULL;43
334;515/3 ;GD1G/00101406/7;GD1G/00048155/2;3.4235;NULL;NULL;NULL;NULL;NULL;NULL;NULL;NULL;44
335;19/2;GD1G/00101406/7;NULL;1.2225;NULL;NULL;NULL;NULL;NULL;NULL;NULL;NULL;49
336;16;GD1G/00101406/7;GD1G/00055908/8;0.3145;NULL;NULL;NULL;NULL;NULL;NULL;NULL;NULL;49
337;10;GD1G/00101406/7;GD1G/00055908/8;0.1402;NULL;NULL;NULL;NULL;NULL;NULL;NULL;NULL;49
338;2/9;GD1G/00101406/7; GD1G/00010215/6;0.0035;NULL;NULL;NULL;NULL;NULL;NULL;NULL;NULL;50
339;234;GD1G/00101406/7;GD1G/00051894/8;0.096;NULL;NULL;NULL;NULL;NULL;NULL;NULL;NULL;53
340;371;GD1G/00101406/7;GD1G/00064115/8;0.2037;NULL;NULL;NULL;NULL;NULL;NULL;NULL;NULL;59
341;393/3;GD1G/00253520/2;GD1G/00000037/1;0.0029;NULL;NULL;NULL;NULL;NULL;NULL;NULL;NULL;61
342;239;GD1G/00101406/7;GD1G/00050280/4;0.1436;NULL;NULL;NULL;NULL;NULL;NULL;NULL;NULL;63
343;196/2 ;GD1G/00101406/7; GD1G/00039421/2;0.1075;NULL;NULL;NULL;NULL;NULL;NULL;NULL;NULL;72
344;191/3;GD1G/00253497/1;GD1G/00056534/2;0.0479;NULL;NULL;NULL;NULL;NULL;NULL;NULL;NULL;73
345;189/9;GD1G/00253501/3;GD1G/00034679/0;0.026;NULL;NULL;NULL;NULL;NULL;NULL;NULL;NULL;73
346;197/2;GD1G/00253497/1;GD1G/00056534/2;0.0841;NULL;NULL;NULL;NULL;NULL;NULL;NULL;NULL;73
347;196/2;GD1G/00253503/7;GD1G/00229038/9;0.3255;NULL;NULL;NULL;NULL;NULL;NULL;NULL;NULL;73
348;21/8;GD1G/00101406/7; GD1G/00051972/9;0.1616;NULL;NULL;NULL;NULL;NULL;NULL;NULL;NULL;95
349;216/1;GD1G/00253521/9;GD1G/00102492/3;0.0132;NULL;NULL;NULL;NULL;NULL;NULL;NULL;NULL;95
350;126/3;GD1G/00253494/0;GD1G/00056078/7;0.0004;NULL;NULL;NULL;NULL;NULL;NULL;NULL;NULL;96
351;5/1;GD1G/00253499/5;GD1G/00047934/0;0.0005;NULL;NULL;NULL;NULL;NULL;NULL;NULL;NULL;96
352;369/6 ;GD1G/00101406/7;GD1G/00023030/9;0.0086;NULL;NULL;NULL;NULL;NULL;NULL;NULL;NULL;97
353;102/4;GD1G/00101406/7;GD1G/00055386/2;0.0495;NULL;NULL;NULL;NULL;NULL;NULL;NULL;NULL;98
354;1/3;GD1G/00101406/7; GD1G/00047913/7;0.0404;NULL;NULL;NULL;NULL;NULL;NULL;NULL;NULL;99
355;33/9;GD1G/00101406/7; GD1G/00095389/5;0.0032;NULL;NULL;NULL;NULL;NULL;NULL;NULL;NULL;99
356;216/1 ;GD1G/00101406/7;GD1G/00047901/0;0.0827;NULL;NULL;NULL;NULL;NULL;NULL;NULL;NULL;100
357;100/2 ;GD1G/00017713/6;GD1G/00017713/6;1.3345;NULL;NULL;NULL;NULL;NULL;NULL;NULL;NULL;100
358;301/132;GD1G/00253516/1;GD1G/00118181/5;0.01;NULL;NULL;NULL;NULL;NULL;NULL;NULL;NULL;110
359;395/9;GD1G/00253510/9;GD1G/00056634/3;0.006;NULL;NULL;NULL;NULL;NULL;NULL;NULL;NULL;112
360;395/13;GD1G/00253510/9;GD1G/00056634/3;0.0003;NULL;NULL;NULL;NULL;NULL;NULL;NULL;NULL;112
361;101/1 ;GD1G/00101406/7; GD1G/00015973/2;0.0843;NULL;NULL;NULL;NULL;NULL;NULL;NULL;NULL;48
362;487;GD1G/00101406/7; GD1G/00027710/8;0.1307;NULL;NULL;NULL;NULL;NULL;NULL;NULL;NULL;1
363;53/1;GD1G/00101406/7; GD1G/00081958/4;0.0043;NULL;NULL;NULL;NULL;NULL;NULL;NULL;NULL;1
364;119/2;GD1G/00138767/3; GD1G/00072205/5;1.0154;NULL;NULL;NULL;NULL;NULL;NULL;NULL;NULL;1
365;238/5;GD1G/00247631/8;GD1G/00097651/7;0.0014;NULL;NULL;NULL;NULL;NULL;NULL;NULL;NULL;1
366;63/2;GD1G/00101406/7;GD1G/00055909/5;0.1683;NULL;NULL;NULL;NULL;NULL;NULL;NULL;NULL;104
367;51;GD1G/00101406/7; GD1G/00046133/8;0.2091;NULL;NULL;NULL;NULL;NULL;NULL;NULL;NULL;106
368;41;GD1G/00101406/7;GD1G/00055909/5;0.1034;NULL;NULL;NULL;NULL;NULL;NULL;NULL;NULL;106
369;81;GD1G/00101406/7;GD1G/00055909/5;0.2418;NULL;NULL;NULL;NULL;NULL;NULL;NULL;NULL;106
370;116/2 ;GD1G/00101406/7;NULL;0.3402;NULL;NULL;NULL;NULL;NULL;NULL;NULL;NULL;109
371;56/38;GD1G/00299173/8;GD1G/ 00146148/7;0.0008;NULL;NULL;NULL;NULL;NULL;NULL;NULL;NULL;13
372;5/2;GD1G/00101406/7; GD1G/00015748/6;NULL;NULL;NULL;NULL;NULL;NULL;NULL;NULL;NULL;110
373;117/11 ;GD1G/00101406/7; GD1G/00014437/6;0.0222;NULL;NULL;NULL;NULL;NULL;NULL;NULL;NULL;110
374;245/8 ;GD1G/00101406/7; GD1G/00015334/1;0.0304;NULL;NULL;NULL;NULL;NULL;NULL;NULL;NULL;110
375;106/1 ;GD1G/00101406/7;GD1G/00055386/2;0.0111;NULL;NULL;NULL;NULL;NULL;NULL;NULL;NULL;111
376;3/23;GD1G/00101406/7; GD1G/00118181/5;0.0071;NULL;NULL;NULL;NULL;NULL;NULL;NULL;NULL;111
377;32/5;GD1G/00238439/6;GD1G/00080963/5;0.0037;NULL;NULL;NULL;NULL;NULL;NULL;NULL;NULL;21
378;409/1;GD1G/00209881/7;GD1G/00016057/2;0.0047;NULL;NULL;NULL;NULL;NULL;NULL;NULL;NULL;112
379;525/6;GD1G/00281421/3;GD1G/00002035/1;0.0045;NULL;NULL;NULL;NULL;NULL;NULL;NULL;NULL;112
380;215/19 ;GD1G/00101406/7;GD1G/00102231/6;0.1011;NULL;NULL;NULL;NULL;NULL;NULL;NULL;NULL;158
381;27/1;GD1G/00101406/7;GD1G/00046564/8;0.0456;NULL;NULL;NULL;NULL;NULL;NULL;NULL;NULL;17
382;14/1;GD1G/00101406/7; GD1G/00046564/8;0.0562;NULL;NULL;NULL;NULL;NULL;NULL;NULL;NULL;17
383;222/8;GD1G/00182054/5;GD1G/00027644/4;0.1509;NULL;NULL;NULL;NULL;NULL;NULL;NULL;NULL;19
384;223/18;GD1G/00182054/5; GD1G/00030846/4;0.0311;NULL;NULL;NULL;NULL;NULL;NULL;NULL;NULL;19
385;2/54;GD1G/00253486/1;GD1G/00037526/4;0.2587;NULL;NULL;NULL;NULL;NULL;NULL;NULL;NULL;164
386;13/1;GD1G/00146864/2;GD1G/00050171/7;0.002;NULL;NULL;NULL;NULL;NULL;NULL;NULL;NULL;133
387;9/19;GD1G/00134940/2; GD1G/00040218/6;0.031;NULL;NULL;NULL;NULL;NULL;NULL;NULL;NULL;27
388;333;GD1G/00101406/7; GD1G/00035604/1;0.02;NULL;NULL;NULL;NULL;NULL;NULL;NULL;NULL;3
389;234/13;GD1G/00140209/1; GD1G/00030817/2;0.1642;NULL;NULL;NULL;NULL;NULL;NULL;NULL;NULL;3
390;509/1;GD1G/0180353/7;GD1G/00033335/0;0.0293;NULL;NULL;NULL;NULL;NULL;NULL;NULL;NULL;3
391;258/3;GD1G/00101406/7;GD1G/00070664/6;0.85;NULL;NULL;NULL;NULL;NULL;NULL;NULL;NULL;137
392;258/7;GD1G/00101406/7;GD1G/00070664/6;0.0481;NULL;NULL;NULL;NULL;NULL;NULL;NULL;NULL;137
393;202/4;GD1G/00015778/5;GD1G/00058507/8;1.9753;NULL;NULL;NULL;NULL;NULL;NULL;NULL;NULL;137
394;194/3;GD1G/00237903/3; GD1G/00012891/2;0.2084;NULL;NULL;NULL;NULL;NULL;NULL;NULL;NULL;138
395;161/2 ;GD1G/00101406/7;GD1G/00055909/5;0.0934;NULL;NULL;NULL;NULL;NULL;NULL;NULL;NULL;138
396;170/2 ;GD1G/00101406/7;GD1G/00055909/5;0.0959;NULL;NULL;NULL;NULL;NULL;NULL;NULL;NULL;138
397;360/4;GD1G/00101406/7;GD1G/00055909/5;0.1116;NULL;NULL;NULL;NULL;NULL;NULL;NULL;NULL;138
398;155/2;GD1G/00101406/7; GD1G/00057338/5;0.0622;NULL;NULL;NULL;NULL;NULL;NULL;NULL;NULL;138
399;186/15;GD1G/00101406/7;GD1G/00067974/8;0.0568;NULL;NULL;NULL;NULL;NULL;NULL;NULL;NULL;138
400;188/4;GD1G/00101406/7; GD1G/00057338/5;0.1013;NULL;NULL;NULL;NULL;NULL;NULL;NULL;NULL;138
401;197/4 ;GD1G/00101406/7; GD1G/00012627/1;0.1037;NULL;NULL;NULL;NULL;NULL;NULL;NULL;NULL;138
402;360/2 ;GD1G/00101406/7;GD1G/00057338/5;0.0623;NULL;NULL;NULL;NULL;NULL;NULL;NULL;NULL;138
403; 183/4;GD1G/00155818/1; GD1G/00012842/4;0.011;NULL;NULL;NULL;NULL;NULL;NULL;NULL;NULL;138
404;183/8;GD1G/00155818/1; GD1G/00012842/4;0.0357;NULL;NULL;NULL;NULL;NULL;NULL;NULL;NULL;138
405;183/9;GD1G/00155818/1; GD1G/00012842/4;0.1054;NULL;NULL;NULL;NULL;NULL;NULL;NULL;NULL;138
406;915/5;GD1G/00228648/1; GD1G/00149136/1;0.0038;NULL;NULL;NULL;NULL;NULL;NULL;NULL;NULL;139
407;813/1 ;GD1G/00101406/7; GD1G/00052269/5;0.8138;NULL;NULL;NULL;NULL;NULL;NULL;NULL;NULL;139
408;823/5;GD1G/00101406/7;GD1G/00058037/2;1.0495;NULL;NULL;NULL;NULL;NULL;NULL;NULL;NULL;139
409;929/1;GD1G/00101406/7;GD1G/00062166/6;0.0164;NULL;NULL;NULL;NULL;NULL;NULL;NULL;NULL;139
410;641/1;GD1G/00101406/7;GD1G/00030881/1;0.2803;NULL;NULL;NULL;NULL;NULL;NULL;NULL;NULL;139
411;638/13;GD1G/00101406/7;GD1G/00055909/5;0.1855;NULL;NULL;NULL;NULL;NULL;NULL;NULL;NULL;139
412;930/83;GD1G/00202355/2; GD1G/00144924/7;0.0034;NULL;NULL;NULL;NULL;NULL;NULL;NULL;NULL;139
413;8/4;GD1G/00185458/8; GD1G/00073683/6;0.0297;NULL;NULL;NULL;NULL;NULL;NULL;NULL;NULL;148
414;135/2;GD1G/00255256/4;GD1G/00116241/0;0.1034;NULL;NULL;NULL;NULL;NULL;NULL;NULL;NULL;34
415;136/40;GD1G/00262000/7;GD1G/00204780/4;0.1171;NULL;NULL;NULL;NULL;NULL;NULL;NULL;NULL;34
416;37/10;GD1G/00312288/5;GD1G/00030587/0;0.0099;NULL;NULL;NULL;NULL;NULL;NULL;NULL;NULL;34
417;100/120;GD1G/00160238/9;GD1G/00126580/1;0.0164;NULL;NULL;NULL;NULL;NULL;NULL;NULL;NULL;36
418;139/124;GD1G/00299177/6;GD1G/00256450/1;0.0012;NULL;NULL;NULL;NULL;NULL;NULL;NULL;NULL;36
419;12/1;GD1G/00101406/7;GD1G/00046659/1;0.2138;NULL;NULL;NULL;NULL;NULL;NULL;NULL;NULL;46
420;68/4;GD1G/00248162/6;GD1G/00241598/2;0.0075;NULL;NULL;NULL;NULL;NULL;NULL;NULL;NULL;46
421;43/34;NULL;GD1G/00158617/3;0.0071;NULL;NULL;NULL;NULL;NULL;NULL;NULL;NULL;46
422;476/20;GD1G/00101406/7;GD1G/00101406/7;0.0046;NULL;NULL;NULL;NULL;NULL;NULL;NULL;NULL;48
423;474/2 ;GD1G/00101406/7; GD1G/00072576/6;0.045;NULL;NULL;NULL;NULL;NULL;NULL;NULL;NULL;48
424;455/1 ;GD1G/00101406/7; GD1G/00072576/6;0.0788;NULL;NULL;NULL;NULL;NULL;NULL;NULL;NULL;48
425;124/2 ;GD1G/00101406/7; GD1G/00046025/8;0.0044;NULL;NULL;NULL;NULL;NULL;NULL;NULL;NULL;48
426;282/4;GD1G/00246547/5;GD1G/00024422/1;0.0132;NULL;NULL;NULL;NULL;NULL;NULL;NULL;NULL;48
427;299/20;GD1G/00232723/2;GD1G/00128386/5;0.0017;NULL;NULL;NULL;NULL;NULL;NULL;NULL;NULL;72
428;1096/2;GD1G/00266794/7;GD1G/00106273/0;0.0033;NULL;NULL;NULL;NULL;NULL;NULL;NULL;NULL;72
429;248/1;GD1G/00299982/2;GD1G/00079233/9;0.0035;NULL;NULL;NULL;NULL;NULL;NULL;NULL;NULL;72
430;53/708;GD1G/00220684/9; GD1G/00119104/9;0.0176;NULL;NULL;NULL;NULL;NULL;NULL;NULL;NULL;73
431;15/1;GD1G/00101406/7;GD1G/00057130/7;NULL;NULL;NULL;NULL;NULL;NULL;NULL;NULL;NULL;119
432;39/1;GD1G/00101406/7;NULL;NULL;NULL;NULL;NULL;NULL;NULL;NULL;NULL;NULL;122
433;29/1;GD1G/00101406/7; GD1G/00048517/8;0.0297;NULL;NULL;NULL;NULL;NULL;NULL;NULL;NULL;173
434;31/6;GD1G/00101406/7; GD1G/00048517/8;0.0527;NULL;NULL;NULL;NULL;NULL;NULL;NULL;NULL;173
435;124/6;GD1G/00101406/7; GD1G/00048517/8;0.0327;NULL;NULL;NULL;NULL;NULL;NULL;NULL;NULL;173
436;1/9;GD1G/00101406/7; GD1G/00056521/8;0.0441;NULL;NULL;NULL;NULL;NULL;NULL;NULL;NULL;129
437;7/1;GD1G/00101406/7; GD1G/00057212/6;0.0226;NULL;NULL;NULL;NULL;NULL;NULL;NULL;NULL;132
438;218/5;101406 GD1G/00017713/6;GD1G/00027014/9;0.0348;NULL;NULL;NULL;NULL;NULL;NULL;NULL;NULL;137
439;257/5;GD1G/00101406/7; GD1G/00014192/6;1.3286;NULL;NULL;NULL;NULL;NULL;NULL;NULL;NULL;137
440;202/11;GD1G/00101406/7; GD1G/00013378/7;0.1108;NULL;NULL;NULL;NULL;NULL;NULL;NULL;NULL;137
441;202/13;GD1G/00101406/7; GD1G/00013378/7;47.2958;NULL;NULL;NULL;NULL;NULL;NULL;NULL;NULL;137
442;204/2;GD1G/00101406/7;GD1G/00013378/7;1.5213;NULL;NULL;NULL;NULL;NULL;NULL;NULL;NULL;137
443;214/4;101406 GD1G/00017713/6;GD1G/00027014/9;5.2657;NULL;NULL;NULL;NULL;NULL;NULL;NULL;NULL;137
444;218/8;101406 GD1G/00017713/6;GD1G/00027014/9;1.9712;NULL;NULL;NULL;NULL;NULL;NULL;NULL;NULL;137
445;213;GD1G/00101406/7; GD1G/00024830/4;0.627;NULL;NULL;NULL;NULL;NULL;NULL;NULL;NULL;137
446;216/1;GD1G/00101406/7; GD1G/00013378/7;0.4158;NULL;NULL;NULL;NULL;NULL;NULL;NULL;NULL;137
447;220/12;GD1G/00101406/7;GD1G/00024830/4;0.4027;NULL;NULL;NULL;NULL;NULL;NULL;NULL;NULL;137
448;814/1 ;GD1G/00101406/7; GD1G/00058037/2;0.1327;NULL;NULL;NULL;NULL;NULL;NULL;NULL;NULL;139
449;26/1;GD1G/00253508/2;GD1G/00013081/8;0.012;NULL;NULL;NULL;NULL;NULL;NULL;NULL;NULL;153
450;3/5;GD1G/00280093/7;GD1G/00053162/2;0.0166;NULL;NULL;NULL;NULL;NULL;NULL;NULL;NULL;155
451;61/30;GD1G/00101406/7;NULL;0.0094;NULL;NULL;NULL;NULL;NULL;NULL;NULL;NULL;32
452;17/4;GD1G/00101406/7;GD1G/00055907/1;0.0297;NULL;NULL;NULL;NULL;NULL;NULL;NULL;NULL;156
453;18/1;GD1G/00101406/7;GD1G/00055907/1;0.0372;NULL;NULL;NULL;NULL;NULL;NULL;NULL;NULL;156
454;17/5;GD1G/00101406/7;GD1G/00055907/1;0.0426;NULL;NULL;NULL;NULL;NULL;NULL;NULL;NULL;156
455;509/15;GD1G/00251579/6;GD1G/00204780/4;0.0056;NULL;NULL;NULL;NULL;NULL;NULL;NULL;NULL;34
456;395/24;GD1G/00101406/7; GD1G/00089204/0;0.0142;NULL;NULL;NULL;NULL;NULL;NULL;NULL;NULL;35
457;841;GD1G/00101406/7; GD1G/00000231/1;0.0628;NULL;NULL;NULL;NULL;NULL;NULL;NULL;NULL;35
458;264/12;GD1G/00191305/6;  GD1G/00000697/5;0.0051;NULL;NULL;NULL;NULL;NULL;NULL;NULL;NULL;35
459;1097/5;GD1G/00106107/6;GD1G/00106107/6;0.1093;NULL;NULL;NULL;NULL;NULL;NULL;NULL;NULL;35
460;24/3;GD1G/00259401/4;GD1G/00059509/9;0.0884;NULL;NULL;NULL;NULL;NULL;NULL;NULL;NULL;35
461;24/6;GD1G/00259401/4;GD1G/00059509/9;0.2067;NULL;NULL;NULL;NULL;NULL;NULL;NULL;NULL;35
462;26/46;GD1G/00299175/2;GD1G/00058774/0;0.0084;NULL;NULL;NULL;NULL;NULL;NULL;NULL;NULL;35
463;592/108;GD1G/00275532/9;GD1G/00268664/1;0.002;NULL;NULL;NULL;NULL;NULL;NULL;NULL;NULL;48
464;67/7;GD1G/00182054/5; GD1G/00055908/8;0.0087;NULL;NULL;NULL;NULL;NULL;NULL;NULL;NULL;49
465;195/3;GD1G/00169917/6; GD1G/00012846/2;0.0212;NULL;NULL;NULL;NULL;NULL;NULL;NULL;NULL;61
466;151/1;GD1G/00299176/9;GD1G/00049416/7;0.0008;NULL;NULL;NULL;NULL;NULL;NULL;NULL;NULL;61
467;153;GD1G/00101406/7;GD1G/00070466/8;0.0747;NULL;NULL;NULL;NULL;NULL;NULL;NULL;NULL;72
468;323;GD1G/00101406/7;GD1G/00062787/5;0.0012;NULL;NULL;NULL;NULL;NULL;NULL;NULL;NULL;72
469;317;GD1G/00101406/7;GD1G/00070466/8;0.0619;NULL;NULL;NULL;NULL;NULL;NULL;NULL;NULL;72
470;22;GD1G/00101406/7;GD1G/00060115/0;0.0242;NULL;NULL;NULL;NULL;NULL;NULL;NULL;NULL;72
471;53/712;GD1G/00220684/9;GD1G/00119104/9;0.0223;NULL;NULL;NULL;NULL;NULL;NULL;NULL;NULL;73
472;17/11;GD1G/00217104/6;GD1G/00217104/6;0.0145;NULL;NULL;NULL;NULL;NULL;NULL;NULL;NULL;73
473;53/735;GD1G/00280092/0;GD1G/00032821/7;0.0175;NULL;NULL;NULL;NULL;NULL;NULL;NULL;NULL;73
474;233/4;GD1G/00296134/2;GD1G/00248348/4;0.0736;NULL;NULL;NULL;NULL;NULL;NULL;NULL;NULL;74
475;4/5;GD1G/00312763/9;GD1G/00280524/8;0.0061;NULL;NULL;NULL;NULL;NULL;NULL;NULL;NULL;80
476;400;GD1G/00299174/5;GD1G/00249412/1;0.0402;NULL;NULL;NULL;NULL;NULL;NULL;NULL;NULL;83
477;279/3;GD1G/00101406/7;NULL;0.695;NULL;NULL;NULL;NULL;NULL;NULL;NULL;NULL;88
478;9/4;GD1G/00101406/7;GD1G/00101406/7;0.5247;NULL;NULL;NULL;NULL;NULL;NULL;NULL;NULL;88
479;771/5;GD1R/00051458/0;GD1R/00051458/0;0.0541;NULL;NULL;NULL;NULL;NULL;NULL;NULL;NULL;218
480;770/1;GD1R/00057764/0;GD1R/00023998/2;0.0712;NULL;NULL;NULL;NULL;NULL;NULL;NULL;NULL;218
481;773/1;GD1R/00051458/0;GD1R/00050724/9;0.08;NULL;NULL;NULL;NULL;NULL;NULL;NULL;NULL;218
482;305/5;NULL;NULL;0.09;NULL;NULL;NULL;NULL;NULL;NULL;NULL;NULL;208
483;295/1;NULL;NULL;0.39;NULL;NULL;NULL;NULL;NULL;NULL;NULL;NULL;208
484;146;NULL;NULL;0.05;NULL;NULL;NULL;NULL;NULL;NULL;NULL;NULL;208
485;44/3;GD1G/00056402/8;GD1G/00056402/8;1;NULL;NULL;NULL;NULL;NULL;NULL;NULL;NULL;211
486;50/15;NULL;NULL;7.13;NULL;NULL;NULL;NULL;NULL;NULL;NULL;NULL;204
487;51/6;NULL;NULL;3.11;NULL;NULL;NULL;NULL;NULL;NULL;NULL;NULL;204
488;131/3;GD1G/00101406/7;GD1G/00072986/3;0.0052;NULL;NULL;NULL;NULL;NULL;NULL;NULL;NULL;217
489;83/10;GD1G/00101406/7;GD1G/00072985/6;0.0775;NULL;NULL;NULL;NULL;NULL;NULL;NULL;NULL;217
490;771/1;NULL;nie jest to własność GIWK tylko Gminy Żukowo;1.9917;NULL;NULL;NULL;NULL;NULL;NULL;NULL;NULL;218
491;1126/1;GD1R/00071090/8;GD1R/00053193/8;0.0924;NULL;NULL;NULL;NULL;NULL;NULL;NULL;NULL;218
492;44/5;GD1G/00056402/8;GD1G/00056402/8;0.37;NULL;NULL;NULL;NULL;NULL;NULL;NULL;NULL;211
493;266/5 ;GD1G/00056402/8;GD1G/00056402/8;22.22;NULL;NULL;NULL;NULL;NULL;NULL;NULL;NULL;211
494;331/79;NULL;NULL;0.01;NULL;NULL;NULL;NULL;NULL;NULL;NULL;NULL;211
495;331/82;NULL;NULL;1.48;NULL;NULL;NULL;NULL;NULL;NULL;NULL;NULL;211
496;217;GD1G/00056402/8;GD1G/00056402/8;0.41;NULL;NULL;NULL;NULL;NULL;NULL;NULL;NULL;214
497;404/2;GD1G/00056402/8;GD1G/00056402/8;2.4228;NULL;NULL;NULL;NULL;NULL;NULL;NULL;NULL;214
498;404/4;GD1G/00056402/8;GD1G/00056402/8;0.308;NULL;NULL;NULL;NULL;NULL;NULL;NULL;NULL;214
499;404/6;GD1G/00056402/8;GD1G/00056402/8;0.4827;NULL;NULL;NULL;NULL;NULL;NULL;NULL;NULL;214
500;9/9;GD1G/00137422/6; GD1G/00007007/1;0.0145;NULL;NULL;NULL;NULL;NULL;NULL;NULL;NULL;191
501;9/12;GD1G/00137422/6; GD1G/00007007/1;0.3763;NULL;NULL;NULL;NULL;NULL;NULL;NULL;NULL;191
502;38/3;NULL;NULL;NULL;NULL;NULL;NULL;NULL;NULL;NULL;NULL;NULL;201
503;96/4;NULL;NULL;NULL;NULL;NULL;NULL;NULL;NULL;NULL;NULL;NULL;201
504;110/7;NULL;NULL;NULL;NULL;NULL;NULL;NULL;NULL;NULL;NULL;NULL;201
505;59/4;NULL;NULL;NULL;NULL;NULL;NULL;NULL;NULL;NULL;NULL;NULL;201
506;110/8;NULL;NULL;NULL;NULL;NULL;NULL;NULL;NULL;NULL;NULL;NULL;201
507;46/5;NULL;NULL;NULL;NULL;NULL;NULL;NULL;NULL;NULL;NULL;NULL;201
508;100/5;NULL;NULL;NULL;NULL;NULL;NULL;NULL;NULL;NULL;NULL;NULL;201
509;183/47;GD1G/00101406/7;GD1G/00082492/6;0.0565;NULL;NULL;NULL;NULL;NULL;NULL;NULL;NULL;198
510;7/12;NULL;NULL;1.8595;NULL;NULL;NULL;NULL;NULL;NULL;NULL;NULL;198
511;8/2;NULL;NULL;0.234;NULL;NULL;NULL;NULL;NULL;NULL;NULL;NULL;198
512;7/3;NULL;NULL;9.653;NULL;NULL;NULL;NULL;NULL;NULL;NULL;NULL;198
513;2/4;NULL;NULL;0.03;NULL;NULL;NULL;NULL;NULL;NULL;NULL;NULL;198
514;7/8;NULL;NULL;0.09;NULL;NULL;NULL;NULL;NULL;NULL;NULL;NULL;198
515;3/2;NULL;NULL;0.23;NULL;NULL;NULL;NULL;NULL;NULL;NULL;NULL;198
516;3/1;NULL;NULL;0.1;NULL;NULL;NULL;NULL;NULL;NULL;NULL;NULL;198
517;183/45;GD1G/00101406/7;GD1G/00082492/6;0.0575;NULL;NULL;NULL;NULL;NULL;NULL;NULL;NULL;198
518;219;GD1G/00056402/8;GD1G/00056402/8;1.1171;NULL;NULL;NULL;NULL;NULL;NULL;NULL;NULL;214
519;72/3;GD1G/00056402/8;GD1G/00056402/8;0.0337;NULL;NULL;NULL;NULL;NULL;NULL;NULL;NULL;214
520;398/29;GD1G/00056402/8;GD1G/00056402/9;0.6392;NULL;NULL;NULL;NULL;NULL;NULL;NULL;NULL;214
